{"cameraMode":{"drawMode":0,"name":"Shaded","section":"Shading Mode"},"sceneLighting":false,"audioPlay":false,"sceneViewState":{"showFog":true,"showMaterialUpdate":false,"showSkybox":false,"showFlares":true,"showImageEffects":true,"showParticleSystems":true},"in2DMode":false,"pivot":{"x":1671.0765380859375,"y":196.1302032470703,"z":-121.80812072753906},"rotation":{"x":-0.16593797504901887,"y":-0.13503551483154298,"z":0.02294490486383438,"w":-0.9765775203704834},"size":3031.34423828125,"orthographic":false}